-- MySQL dump 10.13  Distrib 8.0.40, for macos14 (arm64)
--
-- Host: 127.0.0.1    Database: reservas
-- ------------------------------------------------------
-- Server version	9.1.0

/*!40101 SET @OLD_CHARACTER_SET_CLIENT=@@CHARACTER_SET_CLIENT */;
/*!40101 SET @OLD_CHARACTER_SET_RESULTS=@@CHARACTER_SET_RESULTS */;
/*!40101 SET @OLD_COLLATION_CONNECTION=@@COLLATION_CONNECTION */;
/*!50503 SET NAMES utf8 */;
/*!40103 SET @OLD_TIME_ZONE=@@TIME_ZONE */;
/*!40103 SET TIME_ZONE='+00:00' */;
/*!40014 SET @OLD_UNIQUE_CHECKS=@@UNIQUE_CHECKS, UNIQUE_CHECKS=0 */;
/*!40014 SET @OLD_FOREIGN_KEY_CHECKS=@@FOREIGN_KEY_CHECKS, FOREIGN_KEY_CHECKS=0 */;
/*!40101 SET @OLD_SQL_MODE=@@SQL_MODE, SQL_MODE='NO_AUTO_VALUE_ON_ZERO' */;
/*!40111 SET @OLD_SQL_NOTES=@@SQL_NOTES, SQL_NOTES=0 */;

--
-- Table structure for table `conversations`
--

DROP TABLE IF EXISTS `conversations`;
/*!40101 SET @saved_cs_client     = @@character_set_client */;
/*!50503 SET character_set_client = utf8mb4 */;
CREATE TABLE `conversations` (
  `id` int NOT NULL AUTO_INCREMENT,
  `userId` int NOT NULL,
  `startDate` datetime(6) NOT NULL DEFAULT CURRENT_TIMESTAMP(6),
  `endDate` datetime DEFAULT NULL,
  `status` enum('activa','finalizada') NOT NULL DEFAULT 'activa',
  `conversationTitle` varchar(255) NOT NULL,
  PRIMARY KEY (`id`),
  KEY `FK_a9b3b5d51da1c75242055338b59` (`userId`),
  CONSTRAINT `FK_a9b3b5d51da1c75242055338b59` FOREIGN KEY (`userId`) REFERENCES `users` (`id`)
) ENGINE=InnoDB AUTO_INCREMENT=6 DEFAULT CHARSET=utf8mb4 COLLATE=utf8mb4_0900_ai_ci;
/*!40101 SET character_set_client = @saved_cs_client */;

--
-- Dumping data for table `conversations`
--

LOCK TABLES `conversations` WRITE;
/*!40000 ALTER TABLE `conversations` DISABLE KEYS */;
INSERT INTO `conversations` VALUES (1,1,'2025-01-10 21:43:44.158473',NULL,'activa','Consulta legal sobre contratos'),(2,1,'2025-01-11 13:53:40.935891',NULL,'activa','nuevadecer'),(3,1,'2025-01-11 14:00:41.032153',NULL,'activa','wedew'),(4,1,'2025-01-11 14:02:37.110221',NULL,'activa','Hablemos de cosas nuevas'),(5,1,'2025-01-11 21:09:28.575561',NULL,'activa','probemos de nuevo');
/*!40000 ALTER TABLE `conversations` ENABLE KEYS */;
UNLOCK TABLES;

--
-- Table structure for table `interactions`
--

DROP TABLE IF EXISTS `interactions`;
/*!40101 SET @saved_cs_client     = @@character_set_client */;
/*!50503 SET character_set_client = utf8mb4 */;
CREATE TABLE `interactions` (
  `id` int NOT NULL AUTO_INCREMENT,
  `conversationId` int NOT NULL,
  `humanMessage` text NOT NULL,
  `botMessage` text,
  `date` datetime(6) NOT NULL DEFAULT CURRENT_TIMESTAMP(6),
  PRIMARY KEY (`id`),
  KEY `FK_3975c279c711442523b6d70b965` (`conversationId`),
  CONSTRAINT `FK_3975c279c711442523b6d70b965` FOREIGN KEY (`conversationId`) REFERENCES `conversations` (`id`)
) ENGINE=InnoDB AUTO_INCREMENT=136 DEFAULT CHARSET=utf8mb4 COLLATE=utf8mb4_0900_ai_ci;
/*!40101 SET character_set_client = @saved_cs_client */;

--
-- Dumping data for table `interactions`
--

LOCK TABLES `interactions` WRITE;
/*!40000 ALTER TABLE `interactions` DISABLE KEYS */;
INSERT INTO `interactions` VALUES (1,1,'¿Cuáles son los honorarios del abogado?','Los honorarios dependen del tipo de caso. Por favor, proporcione más detalles.','2025-01-10 21:50:27.075782'),(2,1,'¿Qué slots están disponibles entre el 2025-01-10 y el 2025-01-20 para el abogado con ID 240?','    ### Pregunta del Humano:\n    ¿Cuando será el próximo slot disponible para el abogado con el ID 240?\n\n    ### Respuesta de AI:\n    Lo siento, actualmente no tengo acceso a la base de datos para proporcionar la disponibilidad del abogado. Te sugiero que te pongas en contacto directamente con la oficina o el portal en línea correspondiente para obtener más detalles.','2025-01-10 22:27:48.337295'),(3,1,'¿Cuándo será el próximo slot disponible para el abogado con el ID 240?','Lo siento, pero actualmente no hay slots disponibles para el abogado con el ID 240. Te recomendaría que volvieras a comprobarlo más tarde.','2025-01-10 22:30:09.722103'),(4,1,'¿Cuándo será el próximo slot disponible para el abogado con el ID 1?','Lo siento, pero actualmente no se encuentran slots disponibles para el abogado con el ID 1.','2025-01-10 22:30:54.358335'),(5,1,'¿Cuándo será el próximo slot disponible para el abogado con el ID 4?','Lo siento, no hay slots de tiempo disponibles para el abogado con el ID 4 en este momento.','2025-01-10 22:31:14.333368'),(6,1,'¿Cuándo será el próximo slot disponible para el abogado con el ID 3?','Lo siento, pero actualmente no hay slots disponibles para el abogado con el ID 3.','2025-01-10 22:31:39.552948'),(7,1,'¿Cuándo será el próximo slot disponible para el abogado con el ID 3?','Lo siento, pero no tengo información sobre los slots disponibles para el abogado con el ID 3. La información proporcionada pertenece al abogado con ID 1.','2025-01-10 22:40:08.504653'),(8,1,'¿Cuándo será el próximo slot disponible para cualquier abogado?','El próximo horario disponible para cualquier abogado será el 15 de enero de 2025 desde las 10:00 hasta las 11:00.','2025-01-10 22:40:44.082185'),(9,1,'Hay algun slot disponible el día 15 de enero de 2025?','Sí, hay un slot disponible el día 15 de enero de 2025 de 10:00 a 11:00.','2025-01-10 22:41:14.136556'),(10,1,'Hay algun slot disponible cualquier dia a las 10?','Sí, hay un espacio disponible para el 15 de enero de 2025 a las 10:00 am.','2025-01-10 22:41:38.442192'),(11,1,'Hay algun slot disponible cualquier dia a las 10:15?','Sí, hay un slot disponible a partir de las 10:00 hasta las 11:00 el día 15 de enero de 2025, por lo tanto, podrías programar tu cita a las 10:15.','2025-01-10 22:41:47.451671'),(12,1,'Hay algun slot disponible cualquier dia a las 10:15?','Además, también tengo un slot de 10:15:00 a 11:15:00 disponible el día 20/1/2025. Puedes elegir la fecha que más te convenga.','2025-01-10 22:47:35.813040'),(13,1,'Hay algun slot disponible cualquier dia a las 10:15?','Lo siento por la confusión, pero tu consulta era para la hora 10:15. Actualmente, no existe un slot disponible a esa hora específica en nuestros registros, ¡pero podemos buscar otros horarios que podrían funcionar para ti!','2025-01-10 22:47:46.625513'),(14,1,'Hay algun slot disponible cualquier dia a las 10:15?','Como asistente de inteligencia artificial, lamento informar que no puedo confirmar disponibilidad en tiempo real sin estar conectado a una base de datos o sistema específico. Te recomendaría verificar directamente con el sistema de citas o con la entidad correspondiente para confirmar la disponibilidad.','2025-01-10 22:47:56.746154'),(15,1,'Hay algun slot disponible cualquier dia a las 10:15?','Sin embargo, no hay espacios disponibles a las 10:15:00 el día que solicitas. Por favor verifica la hora que deseas o selecciona otro horario.','2025-01-10 22:48:02.808855'),(16,1,'Hay algun slot disponible cualquier dia a las 10:15?','Sí, hay un slot disponible el día 15 de enero de 2025 a las 10:15 con el Abogado con ID 1.','2025-01-10 22:49:05.514568'),(17,1,'Hay algun slot disponible cualquier dia a las 10:15?','Sí, hay un espacio disponible el día 15 de enero de 2025 con el abogado ID 1 desde las 10:00 hasta las 11:00, por lo que puedes programar tu cita a las 10:15.','2025-01-10 22:50:52.676206'),(18,1,'Hay algun slot disponible cualquier dia a las 10:15?','### Respuesta del Asistente:\nLo siento, pero el slot más cercano que tenemos disponible es a las 11:00 am y dura hasta las 12:00 pm el día 15/1/2025. ¿Te gustaría programar tu cita para ese horario?','2025-01-10 22:54:25.989675'),(19,4,'Comprueba si hay un slot disponible cualquier dia para un abogdo especializado en Laboral?','### Respuesta del Asistente:\nSí, hay un horario disponible para que te atienda un abogado especializado en asuntos laborales. Aquí te lo detallo:\n\n- Fecha y hora: 15 de enero de 2025, de 11:00 a 12:00 \n- Abogado: Huan Doe, especialista en Derecho Laboral\n\nPor favor, avísame si esta fecha y hora te resultan convenientes para reservar la cita.','2025-01-11 14:17:33.418316'),(20,4,'Comprueba si hay un slot disponible cualquier dia para un abogdo especializado en Laboral?','### Respuesta del Asistente:\nSí, hay un horario disponible para que te atienda un abogado especializado en asuntos laborales. Aquí te lo detallo:\n\n- Fecha y hora: 15 de enero de 2025, de 11:00 a 12:00 \n- Abogado: Huan Doe, especialista en Derecho Laboral\n\nPor favor, avísame si esta fecha y hora te resultan convenientes para reservar la cita.','2025-01-11 14:17:33.434804'),(21,4,'habla','### Respuesta del Asistente:\nSí, puedo ayudarte. \n\nAquí tienes la información que he encontrado en la base de datos:\n\n- Fecha: 15 de enero de 2025\n- Hora: 11:00 a 12:00\n- Abogado: Juan Doe\n- Especialidad: Laboral\n\nPor favor, házmelo saber si necesitas alguna otra información.','2025-01-11 16:47:53.354367'),(22,4,'habla','### Respuesta del Asistente:\nSí, puedo ayudarte. \n\nAquí tienes la información que he encontrado en la base de datos:\n\n- Fecha: 15 de enero de 2025\n- Hora: 11:00 a 12:00\n- Abogado: Juan Doe\n- Especialidad: Laboral\n\nPor favor, házmelo saber si necesitas alguna otra información.','2025-01-11 16:47:53.374876'),(23,4,'que puedes hacer?','Como asistente virtual, puedo realizar varias funciones como:\n\n- Realizar búsquedas de información\n- Agendar citas en el calendario\n- Hacer una lista de tareas por hacer\n- Recordar eventos importantes\n- Agendar citas con profesionales, por ejemplo, encontré una cita el 15/1/2025 de 11:00:00 a 12:00:00 con el abogado John Doe especializado en Laboral.','2025-01-11 16:48:18.179009'),(24,4,'que puedes hacer?','Como asistente virtual, puedo realizar varias funciones como:\n\n- Realizar búsquedas de información\n- Agendar citas en el calendario\n- Hacer una lista de tareas por hacer\n- Recordar eventos importantes\n- Agendar citas con profesionales, por ejemplo, encontré una cita el 15/1/2025 de 11:00:00 a 12:00:00 con el abogado John Doe especializado en Laboral.','2025-01-11 16:48:18.192582'),(25,4,'dime mas cosas','### Respuesta del Asistente:\n\nClaro, aquí tienes más información:\n\n- Fecha y hora de la cita: 15/1/2025 de 11:00 a 12:00 \n- Abogado: Huan Doe\n- Especialización del abogado: Laboral','2025-01-11 16:52:13.812979'),(26,4,'dime mas cosas','### Respuesta del Asistente:\n\nClaro, aquí tienes más información:\n\n- Fecha y hora de la cita: 15/1/2025 de 11:00 a 12:00 \n- Abogado: Huan Doe\n- Especialización del abogado: Laboral','2025-01-11 16:52:13.819521'),(27,4,'Comprueba si hay un slot disponible cualquier dia para un abogdo especializado en Laboral?','### Respuesta del Asistente:\nSí, hay un slot disponible para un abogado especializado en Laboral. Aquí te dejo los detalles:\n\n- Fecha y hora: 15/1/2025 de 11:00 a 12:00\n- Abogado: Juan Doe (Especializado en Laboral)','2025-01-11 17:04:19.946644'),(28,4,'Comprueba si hay un slot disponible cualquier dia para un abogdo especializado en Laboral?','### Respuesta del Asistente:\nSí, hay un slot disponible para un abogado especializado en Laboral. Aquí te dejo los detalles:\n\n- Fecha y hora: 15/1/2025 de 11:00 a 12:00\n- Abogado: Juan Doe (Especializado en Laboral)','2025-01-11 17:04:19.973916'),(29,4,'a ver ahora','### Respuesta del Asistente:\nAquí están los detalles de la próxima cita:\n\n- Fecha y Hora: 15 de Enero 2025, de 11:00 a 12:00\n- Abogado: Huan Doe \n- Especialidad: Laboral','2025-01-11 17:12:25.186161'),(30,4,'a ver ahora','### Respuesta del Asistente:\nAquí están los detalles de la próxima cita:\n\n- Fecha y Hora: 15 de Enero 2025, de 11:00 a 12:00\n- Abogado: Huan Doe \n- Especialidad: Laboral','2025-01-11 17:12:25.246309'),(31,4,'sdw','### Respuesta del Asistente:\nLo siento, pero no parece haber una pregunta clara o relevante en tu mensaje. Podrías proporcionar más detalles o aclarar a lo que te refieres con \"sdw\"? Estoy aquí para ayudarte.','2025-01-11 17:41:00.719278'),(32,4,'sdw','### Respuesta del Asistente:\nLo siento, pero no parece haber una pregunta clara o relevante en tu mensaje. Podrías proporcionar más detalles o aclarar a lo que te refieres con \"sdw\"? Estoy aquí para ayudarte.','2025-01-11 17:41:00.732768'),(33,4,'wdwe','Lo siento, pero no entiendo tu pregunta. Por favor, proporciona más detalles para que pueda ayudarte mejor.','2025-01-11 17:42:59.930224'),(34,4,'wdwe','Lo siento, pero no entiendo tu pregunta. Por favor, proporciona más detalles para que pueda ayudarte mejor.','2025-01-11 17:42:59.950384'),(35,4,'\ndwe','### Respuesta del Asistente:\n\nParece que ha habido un error en tu pregunta, ¿Podrías proporcionar más detalles sobre lo que necesitas?\n\nSin embargo, aquí hay información que encontré en la base de datos que puede ser de relevancia:\n\n- Fecha: 15/01/2025 de 11:00 a 12:00\n- Abogado: Juan Doe\n- Especialidad: Laboral','2025-01-11 17:43:02.199938'),(36,4,'\ndwe','### Respuesta del Asistente:\n\nParece que ha habido un error en tu pregunta, ¿Podrías proporcionar más detalles sobre lo que necesitas?\n\nSin embargo, aquí hay información que encontré en la base de datos que puede ser de relevancia:\n\n- Fecha: 15/01/2025 de 11:00 a 12:00\n- Abogado: Juan Doe\n- Especialidad: Laboral','2025-01-11 17:43:02.210256'),(37,4,'\nqdw','### Respuesta del Asistente:\n\nLo siento, parece que tu pregunta no está clara. ¿Podrías proporcionar más detalles para que pueda ayudarte mejor?','2025-01-11 17:43:02.776100'),(38,4,'\nqdw','### Respuesta del Asistente:\n\nLo siento, parece que tu pregunta no está clara. ¿Podrías proporcionar más detalles para que pueda ayudarte mejor?','2025-01-11 17:43:02.782438'),(39,4,'\nedew','### Respuesta del Asistente:\n\nLo siento, pero tu entrada \"edew\" no es clara. Podrías proporcionar más detalles o reformular tu pregunta, por favor. Si estás buscando información sobre una cita con el abogado Huan Doe, puedo confirmar que tengo un registro de una cita el 15 de enero de 2025, de 11:00 a 12:00 en el ámbito laboral.','2025-01-11 17:43:06.606115'),(40,4,'\nedew','### Respuesta del Asistente:\n\nLo siento, pero tu entrada \"edew\" no es clara. Podrías proporcionar más detalles o reformular tu pregunta, por favor. Si estás buscando información sobre una cita con el abogado Huan Doe, puedo confirmar que tengo un registro de una cita el 15 de enero de 2025, de 11:00 a 12:00 en el ámbito laboral.','2025-01-11 17:43:06.623337'),(41,4,'comprueba si hay un slot disponible el 14 de enero','### Respuesta del Asistente:\nLo siento, no hay slots disponibles el 14 de enero según nuestra base de datos. Sin embargo, hay un slot disponible el 15 de enero:\n\n- Fecha: 15 de enero, 2025\n- Hora: 11:00 - 12:00\n- Abogado: Juan Doe (especializado en Derecho Laboral)\n\nPor favor, hágamelo saber si desea reservar este slot.','2025-01-11 18:25:59.185354'),(42,4,'comprueba si hay un slot disponible el 14 de enero','### Respuesta del Asistente:\nLo siento, no hay slots disponibles el 14 de enero según nuestra base de datos. Sin embargo, hay un slot disponible el 15 de enero:\n\n- Fecha: 15 de enero, 2025\n- Hora: 11:00 - 12:00\n- Abogado: Juan Doe (especializado en Derecho Laboral)\n\nPor favor, hágamelo saber si desea reservar este slot.','2025-01-11 18:25:59.203150'),(43,4,'compreba si hay un slot el 15 de enero','### Respuesta del Asistente:\nSí, hay un slot disponible el 15 de enero:\n\n- Fecha y hora: 15/1/2025 de 11:00 a 12:00 \n- Abogado: Juan Doe \n- Especialidad: Laboral','2025-01-11 18:26:26.065244'),(44,4,'compreba si hay un slot el 15 de enero','### Respuesta del Asistente:\nSí, hay un slot disponible el 15 de enero:\n\n- Fecha y hora: 15/1/2025 de 11:00 a 12:00 \n- Abogado: Juan Doe \n- Especialidad: Laboral','2025-01-11 18:26:26.085285'),(45,3,'hay algun slot en enero?','### Respuesta del Asistente:\nSí, hay un espacio disponible en enero. Aquí están los detalles:\n\n- Fecha y Hora: 15 de enero de 2025, de 11:00 a 12:00.\n- Abogado: Juan Doe, especializado en Derecho Laboral.','2025-01-11 18:27:43.919896'),(46,3,'hay algun slot en enero?','### Respuesta del Asistente:\nSí, hay un espacio disponible en enero. Aquí están los detalles:\n\n- Fecha y Hora: 15 de enero de 2025, de 11:00 a 12:00.\n- Abogado: Juan Doe, especializado en Derecho Laboral.','2025-01-11 18:27:43.934797'),(47,4,'Habla','### Respuesta del Asistente:\nEstás agendado para una cita con un abogado laboral:\n\n- Fecha de la cita: 15 de Enero, 2025\n- Horario: 11:00 AM a 12:00 PM\n- Abogado: Juan Doe, Especialista en Derecho Laboral','2025-01-11 18:36:25.790118'),(48,4,'Habla','### Respuesta del Asistente:\nSegún la información que tenemos:\n\n- Tienes una cita programada con el Abogado John Doe, quien se especializa en asuntos Laborales.\n- La cita está programada para el día 15 de enero de 2025, entre las 11:00 y las 12:00 hrs.','2025-01-11 18:40:45.145267'),(49,4,'Habla','### Respuesta del Asistente:\nSegún la información que tenemos:\n\n- Tienes una cita programada con el Abogado John Doe, quien se especializa en asuntos Laborales.\n- La cita está programada para el día 15 de enero de 2025, entre las 11:00 y las 12:00 hrs.','2025-01-11 18:40:45.156789'),(50,4,'Comprueba si hay un slot disponible cualquier dia para un abogdo especializado en Laboral?','### Respuesta del Asistente:\nSí, he encontrado un slot disponible para un abogado especializado en Laboral. Aquí están los detalles:\n\n- Fecha y Hora: 15/1/2025 de 11:00 a 12:00\n- Abogado: Huan Doe (Especialidad en Laboral)','2025-01-11 18:41:46.531176'),(51,4,'Comprueba si hay un slot disponible cualquier dia para un abogdo especializado en Laboral?','### Respuesta del Asistente:\nSí, he encontrado un slot disponible para un abogado especializado en Laboral. Aquí están los detalles:\n\n- Fecha y Hora: 15/1/2025 de 11:00 a 12:00\n- Abogado: Huan Doe (Especialidad en Laboral)','2025-01-11 18:41:46.549406'),(52,3,'cuantos slots hay?','### Respuesta del Asistente:\nActualmente solo tengo un slot en la agenda disponible:\n\n- Fecha: 15/1/2025 11:00:00 - 12:00:00\n  Abogado: Huan Doe (Laboral)','2025-01-11 18:42:06.301736'),(53,3,'cuantos slots hay?','### Respuesta del Asistente:\nActualmente solo tengo un slot en la agenda disponible:\n\n- Fecha: 15/1/2025 11:00:00 - 12:00:00\n  Abogado: Huan Doe (Laboral)','2025-01-11 18:42:06.318416'),(54,3,'habla','### Respuesta del Asistente:\nSegún la información que tengo, te puedo informar lo siguiente:\n\n- Fecha y hora de la consulta: 15/1/2025, entre las 11:00 y 12:00\n- Abogado con el que hablaste: Huan Doe \n- Especialización del abogado: Laboral','2025-01-11 18:52:38.460057'),(55,3,'habla','### Respuesta del Asistente:\nSegún la información que tengo, te puedo informar lo siguiente:\n\n- Fecha y hora de la consulta: 15/1/2025, entre las 11:00 y 12:00\n- Abogado con el que hablaste: Huan Doe \n- Especialización del abogado: Laboral','2025-01-11 18:52:38.472820'),(56,3,'dime slot sdisponibles','### Respuesta del Asistente:\nTenemos el siguiente slot disponible para ti:\n\n- Fecha: 15/01/2025\n- Hora: 11:00 - 12:00\n- Abogado: Juan Doe\n- Especialidad: Laboral','2025-01-11 18:54:05.975791'),(57,3,'dime slot sdisponibles','### Respuesta del Asistente:\nTenemos el siguiente slot disponible para ti:\n\n- Fecha: 15/01/2025\n- Hora: 11:00 - 12:00\n- Abogado: Juan Doe\n- Especialidad: Laboral','2025-01-11 18:54:05.995936'),(58,3,'habla','### Respuesta del Asistente:\nAquí está la información que encontré:\n\n- Fecha: 15/1/2025\n- Hora: 11:00:00 - 12:00:00\n- Abogado: Huan Doe\n- Especialidad: Laboral','2025-01-11 18:56:37.922847'),(59,3,'habla','### Respuesta del Asistente:\nAquí está la información que encontré:\n\n- Fecha: 15/1/2025\n- Hora: 11:00:00 - 12:00:00\n- Abogado: Huan Doe\n- Especialidad: Laboral','2025-01-11 18:56:37.929343'),(60,3,'y ahora conestas?','### Respuesta del Asistente:\n¡Hola! De acuerdo con la información que obtuve, parece que hay una disponibilidad:\n\n- Fecha: 15 de enero de 2025\n- Horario: 11:00 - 12:00\n- Abogado: Juan Doe\n- Especialidad: Laboral\n\nPor favor, hágame saber si desea agendar una cita para este horario.','2025-01-11 18:58:00.063791'),(61,3,'y ahora conestas?','### Respuesta del Asistente:\n¡Hola! De acuerdo con la información que obtuve, parece que hay una disponibilidad:\n\n- Fecha: 15 de enero de 2025\n- Horario: 11:00 - 12:00\n- Abogado: Juan Doe\n- Especialidad: Laboral\n\nPor favor, hágame saber si desea agendar una cita para este horario.','2025-01-11 18:58:00.073529'),(62,3,'sigamos','### Respuesta del Asistente:\nClaro, te proporciono a continuación una nueva cita para que puedas continuar:\n\n- **Fecha y Hora:** 15/1/2025 11:00:00 - 12:00:00\n- **Abogado:** Huan Doe \n- **Especialidad:** Laboral','2025-01-11 19:09:05.099997'),(63,3,'sigamos','### Respuesta del Asistente:\nClaro, te proporciono a continuación una nueva cita para que puedas continuar:\n\n- **Fecha y Hora:** 15/1/2025 11:00:00 - 12:00:00\n- **Abogado:** Huan Doe \n- **Especialidad:** Laboral','2025-01-11 19:09:05.119279'),(64,3,'ole','### Respuesta del Asistente:\nHola, encontré esta información que podría interesarte:\n\n  - Tienes una cita el día 15 de enero de 2025, desde las 11:00 hasta las 12:00 con el abogado Juan Doe, especialista en Derecho Laboral.','2025-01-11 19:12:16.094359'),(65,3,'ole','### Respuesta del Asistente:\nHola, encontré esta información que podría interesarte:\n\n  - Tienes una cita el día 15 de enero de 2025, desde las 11:00 hasta las 12:00 con el abogado Juan Doe, especialista en Derecho Laboral.','2025-01-11 19:12:16.119512'),(66,3,'sigamos','### Respuesta del Asistente:\nClaro, continuemos. Aquí están los detalles de tu próxima cita:\n\n- **Fecha:** 15 de Enero, 2025.\n- **Hora:** 11:00 am - 12:00 pm\n- **Abogado:** Juan Doe\n- **Especialidad:** Laboral\n\nPor favor, asegúrate de llegar puntualmente. ¿Hay algo más con lo que te pueda asistir?','2025-01-11 19:19:12.240491'),(67,3,'sigamos','### Respuesta del Asistente:\nClaro, continuemos. Aquí están los detalles de tu próxima cita:\n\n- **Fecha:** 15 de Enero, 2025.\n- **Hora:** 11:00 am - 12:00 pm\n- **Abogado:** Juan Doe\n- **Especialidad:** Laboral\n\nPor favor, asegúrate de llegar puntualmente. ¿Hay algo más con lo que te pueda asistir?','2025-01-11 19:19:12.254660'),(68,3,'dewdw','### Respuesta del Asistente:\n\nLo siento, no entiendo tu pregunta. ¿Podrías proporcionar más detalles? Estoy aquí para ayudarte.','2025-01-11 19:33:10.901783'),(69,3,'dewdw','### Respuesta del Asistente:\n\nLo siento, no entiendo tu pregunta. ¿Podrías proporcionar más detalles? Estoy aquí para ayudarte.','2025-01-11 19:33:10.916097'),(70,3,'sigamos','### Respuesta del Asistente:\nSegún la información en la base de datos, tenemos la siguiente cita:\n\n- Fecha y hora: 15/1/2025 de 11 a 12\n- Abogado: Juan Doe\n- Especialidad: Laboral\n\nPor favor, confirme si esta es la cita sobre la que deseas más información.','2025-01-11 19:41:53.491076'),(71,3,'sigamos','### Respuesta del Asistente:\nSegún la información en la base de datos, tenemos la siguiente cita:\n\n- Fecha y hora: 15/1/2025 de 11 a 12\n- Abogado: Juan Doe\n- Especialidad: Laboral\n\nPor favor, confirme si esta es la cita sobre la que deseas más información.','2025-01-11 19:41:53.495898'),(72,3,'mas','### Respuesta del Asistente:\nParece que tu mensaje es un poco vago. ¿Podrías proporcionar más detalles para que pueda ayudarte mejor? Por ejemplo, si estás buscando más citas disponibles o información adicional sobre Juan Doe. Por ahora, aquí te dejo la información que tengo:\n\n- **Fecha de la cita:** 15/1/2025 11:00:00 - 12:00:00 \n- **Abogado:** Juan Doe \n- **Especialidad:** Laboral\n\nSi necesitas información adicional, no dudes en preguntar.','2025-01-11 19:43:34.665418'),(73,3,'mas','### Respuesta del Asistente:\nParece que tu mensaje es un poco vago. ¿Podrías proporcionar más detalles para que pueda ayudarte mejor? Por ejemplo, si estás buscando más citas disponibles o información adicional sobre Juan Doe. Por ahora, aquí te dejo la información que tengo:\n\n- **Fecha de la cita:** 15/1/2025 11:00:00 - 12:00:00 \n- **Abogado:** Juan Doe \n- **Especialidad:** Laboral\n\nSi necesitas información adicional, no dudes en preguntar.','2025-01-11 19:43:34.677225'),(74,3,'bueno sigamos','### Respuesta del Asistente:\nHe encontrado una cita para ti:\n\n- **Fecha:** 15/1/2025; 11:00:00 - 12:00:00\n- **Abogado:** Juan Doe\n- **Especialidad:** Laboral\n\nPor favor, confírmame si los detalles son correctos.','2025-01-11 19:55:06.106892'),(75,3,'bueno sigamos','### Respuesta del Asistente:\nHe encontrado una cita para ti:\n\n- **Fecha:** 15/1/2025; 11:00:00 - 12:00:00\n- **Abogado:** Juan Doe\n- **Especialidad:** Laboral\n\nPor favor, confírmame si los detalles son correctos.','2025-01-11 19:55:06.122087'),(76,3,'me parec genial','### Respuesta del Asistente:\nMe alegra que te parezca genial. Aquí está el detalle de tu cita:\n\n- Fecha: **15 de Enero de 2025**\n- Hora: **11:00 - 12:00**\n- Abogado: **Juan Doe**\n- Especialidad: **Laboral**','2025-01-11 20:08:13.103944'),(77,3,'me parec genial','### Respuesta del Asistente:\nMe alegra que te parezca genial. Aquí está el detalle de tu cita:\n\n- Fecha: **15 de Enero de 2025**\n- Hora: **11:00 - 12:00**\n- Abogado: **Juan Doe**\n- Especialidad: **Laboral**','2025-01-11 20:08:13.117287'),(78,3,'a ver ahora','### Respuesta del Asistente:\nClaro, los detalles sobre lo que tenemos programado son los siguientes:\n\n- **Fecha y hora:** 15/1/2025 de 11:00 a 12:00\n- **Abogado:** Juan Doe\n- **Especialidad:** Laboral','2025-01-11 20:10:28.517581'),(79,3,'a ver ahora','','2025-01-11 20:10:28.535225'),(80,3,'dime un slot en febrero','### Respuesta del Asistente:\nLamentablemente, no se encontró ningún slot en febrero en nuestra base de datos. Quizás puedes intentar reservar una cita para otra fecha o mes.','2025-01-11 20:17:20.567284'),(81,3,'busca en enero a ver','### Respuesta del Asistente:\nEncontré la siguiente información en enero:\n\n- **Fecha**: 15/1/2025\n- **Hora**: 11:00:00 - 12:00:00\n- **Abogado**: Juan Doe\n- **Especialidad**: Laboral','2025-01-11 20:17:59.531579'),(82,3,'bueno veamos que tal','## Detalles de tu cita\n- **Fecha**: 15 de Enero de 2025\n- **Hora**: 11:00 - 12:00\n- **Abogado**: Huan Doe\n- **Especialidad**: Laboral','2025-01-11 20:23:22.154225'),(83,3,'qwdweq','## No he entendido tu consulta.\nLo siento, pero no he podido entender tu consulta. ¿Podrías por favor proporcionar más detalles o reformular tu pregunta?','2025-01-11 20:27:23.251731'),(84,3,'dwed','## Detalles de tu cita\n- **Fecha**: 15 de Enero de 2025\n- **Hora**: 11:00 - 12:00\n- **Abogado**: Juan Doe\n- **Especialidad**: Laboral','2025-01-11 20:28:14.283732'),(85,3,'busca un slot el 19 de enero','## No se encontraron citas disponibles\nLo siento, no hay citas disponibles para el 19 de enero según tus criterios.','2025-01-11 20:32:16.074367'),(86,3,'busca un slot el 15 de enero de 2025','## Detalles de tu cita\n- **Fecha**: 15 de Enero de 2025\n- **Hora**: 11:00 - 12:00\n- **Abogado**: Huan Doe\n- **Especialidad**: Laboral','2025-01-11 20:32:48.594829'),(87,2,'comprieba si hay algun slot de algun abogado especializado en Laboral','## Detalles de tu cita\n- **Fecha**: 15 de Enero de 2025\n- **Hora**: 11:00 - 12:00\n- **Abogado**: Huan Doe\n- **Especialidad**: Laboral','2025-01-11 20:36:00.958189'),(88,2,'no hay más días?','## Detalles de tu cita\n- **Fecha**: 15 de Enero de 2025\n- **Hora**: 11:00 - 12:00\n- **Abogado**: Huan Doe\n- **Especialidad**: Laboral\n\nEsta es la única cita disponible. Si necesitas otra fecha, por favor especifica tus requerimientos.','2025-01-11 20:36:40.575348'),(89,2,'ok, quiero reservar esta','## Detalles de tu cita\n- **Fecha**: 15 de Enero de 2025\n- **Hora**: 11:00 - 12:00\n- **Abogado**: Huan Doe\n- **Especialidad**: Laboral\n\nPor favor, confirma si estás de acuerdo con estos detalles para proceder con la reserva.','2025-01-11 20:39:02.991845'),(90,2,'vale me parece ok','## Detalles de tu cita\n- **Fecha**: 15 de Enero de 2025\n- **Hora**: 11:00 - 12:00\n- **Abogado**: Huan Doe\n- **Especialidad**: Laboral','2025-01-11 20:42:41.604001'),(91,2,'fefe','## Detalles de tu cita\n- **Fecha**: 15 de Enero de 2025\n- **Hora**: 11:00 - 12:00\n- **Abogado**: Huan Doe\n- **Especialidad**: Laboral','2025-01-11 20:49:14.264825'),(92,2,'wede2','## Detalles de tu cita\n- **Fecha**: 15 de Enero de 2025\n- **Hora**: 11:00 - 12:00\n- **Abogado**: Huan Doe\n- **Especialidad**: Laboral','2025-01-11 20:50:44.150440'),(93,2,'escribe de nuevo','## Detalles de tu cita\n- **Fecha**: 15 de Enero de 2025\n- **Hora**: 11:00 - 12:00\n- **Abogado**: Huan Doe\n- **Especialidad**: Laboral','2025-01-11 20:51:29.270724'),(94,2,'se ha brorado, repote','## Detalles de tu cita\n- **Fecha**: 15 de Enero de 2025\n- **Hora**: 11:00 - 12:00\n- **Abogado**: Huan Doe\n- **Especialidad**: Laboral','2025-01-11 20:51:53.532265'),(95,2,'busca cita para el 3 de agosto','## No se encontraron citas disponibles\nLo siento, no hay citas disponibles para el 3 de agosto según tus criterios.','2025-01-11 20:53:19.860747'),(96,2,'para cuandoo pues','## Detalles de tu cita\n- **Fecha**: 15 de Enero de 2025\n- **Hora**: 11:00 - 12:00\n- **Abogado**: Juan Doe\n- **Especialidad**: Laboral','2025-01-11 20:54:19.418306'),(97,2,'repite','## Detalles de tu cita\n- **Fecha**: 15 de Enero de 2025\n- **Hora**: 11:00 - 12:00\n- **Abogado**: Huan Doe\n- **Especialidad**: Laboral','2025-01-11 20:54:39.304454'),(98,2,'no veo cuando puede ser','## Detalles de tu cita\n- **Fecha**: 15 de Enero de 2025\n- **Hora**: 11:00 - 12:00\n- **Abogado**: Huan Doe\n- **Especialidad**: Laboral','2025-01-11 20:55:15.076517'),(99,2,'mira a hroa','## Detalles de tu cita\n- **Fecha**: 15 de Enero de 2025\n- **Hora**: 11:00 - 12:00\n- **Abogado**: Huan Doe\n- **Especialidad**: Laboral','2025-01-11 20:57:19.500211'),(100,2,'ddq','## Detalles de tu cita\n- **Fecha**: 15 de Enero de 2025\n- **Hora**: 11:00 - 12:00\n- **Abogado**: Huan Doe\n- **Especialidad**: Laboral','2025-01-11 20:58:46.062247'),(101,2,'ewdw','Lo siento, no entendí tu pregunta. Podrías proporcionarme más detalles o hacer una nueva pregunta?','2025-01-11 20:59:10.160413'),(102,2,'busca slot en enero','## Detalles de tu cita\n- **Fecha**: 15 de Enero de 2025\n- **Hora**: 11:00 - 12:00\n- **Abogado**: Huan Doe\n- **Especialidad**: Laboral','2025-01-11 20:59:22.831517'),(103,2,'a ver ahora','## Detalles de tu cita\n- **Fecha**: 15 de Enero de 2025\n- **Hora**: 11:00 - 12:00\n- **Abogado**: Huan Doe\n- **Especialidad**: Laboral','2025-01-11 20:59:47.546866'),(104,2,'sxw','## Detalles de tu cita\n- **Fecha**: 15 de Enero de 2025\n- **Hora**: 11:00 - 12:00\n- **Abogado**: Huan Doe\n- **Especialidad**: Laboral','2025-01-11 21:00:27.787618'),(105,2,'a ver ahora','## Detalles de tu cita\n- **Fecha**: 15 de Enero de 2025\n- **Hora**: 11:00 - 12:00\n- **Abogado**: Juan Doe \n- **Especialidad**: Laboral','2025-01-11 21:01:22.119526'),(106,2,'no se','## Detalles de tu cita\n- **Fecha**: 15 de Enero de 2025\n- **Hora**: 11:00 - 12:00\n- **Abogado**: Huan Doe \n- **Especialidad**: Laboral','2025-01-11 21:01:40.288447'),(107,2,'resumen','## Detalles de tu cita\n- **Fecha**: 15 de Enero de 2025\n- **Hora**: 11:00 - 12:00\n- **Abogado**: Huan Doe \n- **Especialidad**: Laboral','2025-01-11 21:02:31.259917'),(108,2,'repite a hora','## Detalles de tu cita\n- **Fecha**: 15 de Enero de 2025\n- **Hora**: 11:00 - 12:00\n- **Abogado**: Juan Doe \n- **Especialidad**: Laboral','2025-01-11 21:03:00.979285'),(109,2,'repite la cita','## Detalles de tu cita\n- **Fecha**: 15 de Enero de 2025\n- **Hora**: 11:00 - 12:00\n- **Abogado**: Juan Doe \n- **Especialidad**: Laboral','2025-01-11 21:04:51.175215'),(110,2,'bien, repite la bussqeuda','## Detalles de tu cita\n- **Fecha**: 15 de Enero de 2025\n- **Hora**: 11:00 - 12:00\n- **Abogado**: Juan Doe\n- **Especialidad**: Laboral','2025-01-11 21:06:28.743523'),(111,2,'probemos otra vez','## Detalles de tu cita\n- **Fecha**: 15 de Enero de 2025\n- **Hora**: 11:00 - 12:00\n- **Abogado**: Huan Doe\n- **Especialidad**: Laboral','2025-01-11 21:07:51.504337'),(112,2,'probemos de nuevo','## Detalles de tu cita\n- **Fecha**: 15 de Enero de 2025\n- **Hora**: 11:00 - 12:00\n- **Abogado**: Huan Doe\n- **Especialidad**: Laboral','2025-01-11 21:08:31.502085'),(113,5,'busca slot en enero','## Detalles de tu cita\n- **Fecha**: 15 de Enero de 2025\n- **Hora**: 11:00 - 12:00\n- **Abogado**: Huan Doe\n- **Especialidad**: Laboral','2025-01-11 21:09:43.913235'),(114,5,'y el srteam?','## Detalles de tu cita\n- **Fecha**: 15 de Enero de 2025\n- **Hora**: 11:00 - 12:00\n- **Abogado**: Juan Doe \n- **Especialidad**: Laboral','2025-01-11 21:14:23.608634'),(115,5,'dame otra cta','## Detalles de tu cita\n- **Fecha**: 15 de Enero de 2025\n- **Hora**: 11:00 - 12:00\n- **Abogado**: Juan Doe \n- **Especialidad**: Laboral','2025-01-11 21:18:56.826996'),(116,5,'hay citas disponibles para el abogado paquito?','## Detalles de tu cita\nLo siento, no hay citas disponibles con el abogado Paquito según tus criterios.','2025-01-11 21:19:39.356524'),(117,5,'y para Paquito?','## Detalles de tu cita\n- **Fecha**: 15 de Enero de 2025\n- **Hora**: 11:00 - 12:00\n- **Abogado**: Huan Doe\n- **Especialidad**: Laboral','2025-01-11 21:20:10.126378'),(118,5,'ese no es Paquito','## Detalles de tu cita\n- **Fecha**: 15 de Enero de 2025\n- **Hora**: 11:00 - 12:00\n- **Abogado**: Huan Doe \n- **Especialidad**: Laboral','2025-01-11 21:20:40.982653'),(119,5,'busca citas del abogado Paquito Gomez','## No se encontraron citas disponibles\nLo siento, no se encontró ninguna cita con el abogado Paquito Gomez según tus criterios.','2025-01-11 21:21:08.704671'),(120,5,'y comprendidas en esta fecha? 2025-01-22 12:00:00','## Detalles de tu cita\n- **Fecha**: 15 de Enero de 2025\n- **Hora**: 11:00 - 12:00\n- **Abogado**: Huan Doe\n- **Especialidad**: Laboral','2025-01-11 21:21:42.088456'),(121,5,'busca mas citas','## Detalles de tu cita\n- **Fecha**: 15 de Enero de 2025\n- **Hora**: 11:00 - 12:00\n- **Abogado**: Huan Doe \n- **Especialidad**: Laboral','2025-01-11 21:23:37.317371'),(122,5,'no hay mas dias?','## Detalles de tu cita\n- **Fecha**: 15 de Enero de 2025\n- **Hora**: 11:00 - 12:00\n- **Abogado**: Huan Doe \n- **Especialidad**: Laboral','2025-01-11 21:23:46.139361'),(123,5,'busca citas ','## Detalles de la cita\n\n**Fecha**: 15/1/2025\n\n**Hora**: 11:00:00 - 12:00:00 \n\n**Abogado**: Huan Doe \n\n**Especialidad**: Laboral','2025-01-11 21:25:32.217688'),(124,5,'busca esllots','## Detalles de tu cita\n- **Fecha**: 15 de Enero 2025\n- **Hora**: 11:00 - 12:00\n- **Abogado**: Huan Doe \n- **Especialidad**: Laboral','2025-01-11 21:28:51.802628'),(125,5,'dime los slots en enero','## Citas disponibles en enero\n\n### Cita 1\n- **Fecha**: 15 de Enero de 2025\n- **Hora**: 11:00 - 12:00\n- **Abogado**: Huan Doe  \n- **Especialidad**: Laboral\n\n### Cita 2\n- **Fecha**: 20 de Enero de 2025\n- **Hora**: 10:00 - 11:00\n- **Abogado**: Huan Doe \n- **Especialidad**: Laboral\n\n### Cita 3\n- **Fecha**: 20 de Enero de 2025\n- **Hora**: 11:00 - 12:00\n- **Abogado**: Huan Doe \n- **Especialidad**: Laboral\n\nLas citas restantes con Huan Doe, Ewd Dewdw y Paquito Gomez se encuentran en el mismo formato con horas consecutivas entre 10:00 - 15:00 desde el 20 al 22 de Enero de 2025. Por favor, hazme saber si necesitas ver todas las citas en detalle.','2025-01-11 21:32:36.359281'),(126,5,'dame unc aita','## Citas disponibles \n\n### Cita 1\n- **Fecha**: 15 de Enero de 2025\n- **Hora**: 11:00 - 12:00\n- **Abogado**: Huan Doe\n- **Especialidad**: Laboral\n\n(El mismo formato para las otras citas)\n\n### Cita 2\n- **Fecha**: 20 de Enero de 2025\n- **Hora**: 10:00 - 11:00\n- **Abogado**: Huan Doe\n- **Especialidad**: Laboral\n\n...\n\n### Cita N\n- **Fecha**: 22 de Enero de 2025\n- **Hora**: 14:00 - 15:00\n- **Abogado**: Paquito Gomez\n- **Especialidad**: ded','2025-01-11 22:20:00.502154'),(127,5,'dame otra cita','## Citas disponibles\n\nAquí te presento las citas disponibles:\n\n### Huan Doe (Especialidad laboral)\n1. **Fecha**: 15 de enero de 2025\n   - **Hora**: 11:00 - 12:00\n2. **Fecha**: 20 de enero de 2025\n   - **Hora**: 10:00 - 11:00\n   - **Hora**: 11:00 - 12:00\n   - **Hora**: 12:00 - 13:00\n   - **Hora**: 13:00 - 14:00\n   - **Hora**: 14:00 - 15:00\n3. **Fecha**: 21 de enero de 2025\n   - **Hora**: 10:00 - 11:00\n   - **Hora**: 11:00 - 12:00\n   - **Hora**: 12:00 - 13:00\n   - **Hora**: 13:00 - 14:00\n   - **Hora**: 14:00 - 15:00\n4. **Fecha**: 22 de enero de 2025\n   - **Hora**: 10:00 - 11:00\n   - **Hora**: 11:00 - 12:00\n   - **Hora**: 12:00 - 13:00\n   - **Hora**: 13:00 - 14:00\n   - **Hora**: 14:00 - 15:00\n\n### Ewd Dewdw (Especialidad ded)\n1. **Fecha**: 20 de enero de 2025\n   - **Hora**: 10:00 - 11:00\n   - **Hora**: 11:00 - 12:00\n   - **Hora**: 12:00 - 13:00\n   - **Hora**: 13:00 - 14:00\n   - **Hora**: 14:00 - 15:00\n2. **Fecha**: 21 de enero de 2025\n   - **Hora**: 10:00 - 11:00\n   - **Hora**: 11:00 - 12:00\n   - **Hora**: 12:00 - 13:00\n   - **Hora**: 13:00 - 14:00\n   - **Hora**: 14:00 - 15:00\n3. **Fecha**: 22 de enero de 2025\n   - **Hora**: 10:00 - 11:00\n   - **Hora**: 11:00 - 12:00\n   - **Hora**: 12:00 - 13:00\n   - **Hora**: 13:00 - 14:00\n   - **Hora**: 14:00 - 15:00\n\n### Paquito Gomez (Especialidad ded)\n1. **Fecha**: 20 de enero de 2025\n   - **Hora**: 10:00 - 11:00\n   - **Hora**: 11:00 - 12:00\n   - **Hora**: 12:00 - 13:00\n   - **Hora**: 13:00 - 14:00\n   - **Hora**: 14:00 - 15:00\n2. **Fecha**: 21 de enero de 2025\n   - **Hora**: 10:00 - 11:00\n   - **Hora**: 11:00 - 12:00\n   - **Hora**: 12:00 - 13:00\n   - **Hora**: 13:00 - 14:00\n   - **Hora**: 14:00 - 15:00\n3. **Fecha**: 22 de enero de 2025\n   - **Hora**: 10:00 - 11:00\n   - **Hora**: 11:00 - 12:00\n   - **Hora**: 12:00 - 13:00\n   - **Hora**: 13:00 - 14:00\n   - **Hora**: 14:00 - 15:00','2025-01-11 22:26:07.819801'),(128,5,'dam euna cita de enero','## Citas Disponibles en Enero\n\n## Cita 1\n- **Fecha**: 15 de Enero de 2025\n- **Hora**: 11:00 - 12:00\n- **Abogado**: Huan Doe  \n- **Especialidad**: Laboral\n\n## Cita 2\n- **Fecha**: 20 de Enero de 2025\n- **Hora**: 10:00 - 11:00\n- **Abogado**: Huan Doe  \n- **Especialidad**: Laboral\n\n[(...repite este formato para las citas restantes...)]\n\n## Cita Última\n- **Fecha**: 22 de Enero de 2025\n- **Hora**: 14:00 - 15:00\n- **Abogado**: Paquito Gomez  \n- **Especialidad**: ded\n\nNota: Dado el gran número de citas disponibles, solo se han mostrado algunas como ejemplo. Por favor, especifica un rango de fechas o un abogado en particular para obtener resultados más precisos.','2025-01-11 22:26:24.202081'),(129,5,'dame una cita del abogado paquito','## Citas disponibles con Paquito Gomez\n\n- ### Cita 1\n  - **Fecha**: 20 de Enero de 2025\n  - **Hora**: 10:00 - 11:00\n  - **Abogado**: Paquito Gomez\n  - **Especialidad**: ded\n\n- ### Cita 2\n  - **Fecha**: 20 de Enero de 2025\n  - **Hora**: 11:00 - 12:00\n  - **Abogado**: Paquito Gomez\n  - **Especialidad**: ded\n\n- ### Cita 3\n  - **Fecha**: 20 de Enero de 2025\n  - **Hora**: 12:00 - 13:00\n  - **Abogado**: Paquito Gomez\n  - **Especialidad**: ded\n \n...\n\n- ### Cita 14\n  - **Fecha**: 22 de Enero de 2025\n  - **Hora**: 14:00 - 15:00\n  - **Abogado**: Paquito Gomez\n  - **Especialidad**: ded','2025-01-11 22:27:17.271112'),(130,5,'busca citas del dia 18 a las 12:00','## Detalles de tu cita\n- **Fecha**: No hay citas disponibles para tu búsqueda\n- **Hora**: No hay citas disponibles para tu búsqueda\n- **Abogado**: No hay citas disponibles para tu búsqueda\n- **Especialidad**: No hay citas disponibles para tu búsqueda','2025-01-11 22:29:16.463192'),(131,5,'muestrame slots disponible','Hay varios slots disponibles:\n\nPara Huan Doe, Especialista en Derecho Laboral, los slots disponibles son:\n\n- El 15 de enero de 2025, de 11:00 a 12:00.\n- El 20 de enero de 2025, en los siguientes horarios: de 10:00 a 11:00, de 11:00 a 12:00, de 12:00 a 13:00, de 13:00 a 14:00 y de 14:00 a 15:00.\n- Este patrón se repite el 21 y 22 de enero de 2025.\n\nPara ewd dewdw, Especialista en ded, los slots disponibles son:\n\n- El 20 de enero de 2025, en los siguientes horarios: de 10:00 a 11:00, de 11:00 a 12:00, de 12:00 a 13:00, de 13:00 a 14:00 y de 14:00 a 15:00.\n- Este patrón se repite el 21 y 22 de enero de 2025.\n\nPara Paquito Gomez, Especialista en ded, los slots disponibles son:\n\n- El 20 de enero de 2025, en los siguientes horarios: de 10:00 a 11:00, de 11:00 a 12:00, de 12:00 a 13:00, de 13:00 a 14:00 y de 14:00 a 15:00.\n- Este patrón se repite el 21 y 22 de enero de 2025.\n\nPor favor, hágamelo saber si desea reservar alguna de estas horas.','2025-01-11 22:30:54.396394'),(132,5,'hay algun slot el diua 16 a las 10?','Lamentablemente, no tenemos ningún slot disponible el día 16 a las 10. Los slots disponibles más próximos son el día 20 a las 10 con el Abogado Huan Doe en la especialidad laboral, el abogado ewd dewdw en la especialidad ded y el abogado Paquito Gomez en la especialidad ded. Por favor, déjame saber si alguno de estos slots te funciona.','2025-01-11 22:32:50.496850'),(133,5,'dame slots','A continuación se muestra la transcripción en formato HTML:\n\n```html\n<!DOCTYPE html>\n<html>\n<head>\n</head>\n<body>\n<p>\n  <strong>Mostrando citas disponibles entre el 15/01/2025 y el 22/01/2025</strong>\n</p>\n<ul>\n  <h2>Huan Doe - Especialidad: Laboral</h2>\n    <li><strong>Fecha:</strong> 15/01/2025 <strong>Hora:</strong> 11:00 - 12:00</li>\n    <li><strong>Fecha:</strong> 20/01/2025 <strong>Hora:</strong> 10:00 - 15:00 (cada hora)</li>\n    <li><strong>Fecha:</strong> 21/01/2025 <strong>Hora:</strong> 10:00 - 15:00 (cada hora)</li>\n    <li><strong>Fecha:</strong> 22/01/2025 <strong>Hora:</strong> 10:00 - 15:00 (cada hora)</li>\n  <h2>ewd dewdw - Especialidad: ded</h2>\n    <li><strong>Fecha:</strong> 20/01/2025 <strong>Hora:</strong> 10:00 - 15:00 (cada hora)</li>\n    <li><strong>Fecha:</strong> 21/01/2025 <strong>Hora:</strong> 10:00 - 15:00 (cada hora)</li>\n    <li><strong>Fecha:</strong> 22/01/2025 <strong>Hora:</strong> 10:00 - 15:00 (cada hora)</li>\n  <h2>Paquito Gomez - Especialidad: ded</h2>\n    <li><strong>Fecha:</strong> 20/01/2025 <strong>Hora:</strong> 10:00 - 15:00 (cada hora)</li>\n    <li><strong>Fecha:</strong> 21/01/2025 <strong>Hora:</strong> 10:00 - 15:00 (cada hora)</li>\n    <li><strong>Fecha:</strong> 22/01/2025 <strong>Hora:</strong> 10:00 - 15:00 (cada hora)</li>\n</ul>\n</body>\n</html>\n``` \n\nSi no se encontraron citas disponibles, puedes usar el siguiente formato:\n\n```html\n<!DOCTYPE html>\n<html>\n<head>\n</head>\n<body>\n<p>\n  <strong>No se encontraron citas disponibles</strong>\n</p>\n<p>\n  Lo siento, no hay citas disponibles según tus criterios.\n</p>\n</body>\n</html>\n```','2025-01-11 22:36:03.087338'),(134,5,'hay slots para diciemnr?','Lo siento, no hay citas disponibles en el mes de diciembre según los datos disponibles en la base de datos.<br>Las próximas citas disponibles son para el mes de enero de 2025.<br>A continuación se detalla la disponibilidad:\n\n<b>Fecha:</b> 15/1/2025<br>\n<b>Hora:</b> 11:00:00 - 12:00:00<br>\n<b>Abogado:</b> Huan Doe<br>\n<b>Especialidad:</b> Laboral<br>\n\nY muchas más citas disponibles durante el mes de enero de 2025 con los abogados Huan Doe, ewd dewdw y Paquito Gomez.\n\nPor favor, especifica la fecha y la hora deseadas para reservar una cita.','2025-01-11 22:38:25.292040'),(135,1,'hay citas el 18 de maezo?','Lo siento, no hay citas disponibles para el 18 de marzo según los datos de nuestra base de datos. Todas las citas que se muestran a continuación son para enero de 2025:\n\n<h4> Fecha: 15 de enero de 2025 </h4>\n<ul>\n<li><b>Hora:</b> 11:00 - 12:00</li>\n<li><b>Abogado:</b> Huan Doe</li>\n<li><b>Especialidad:</b> Laboral</li>\n</ul>\n\n<h4> Fecha: 20 de enero de 2025 </h4>\n<ul>\n<li><b>Hora:</b> 10:00 - 11:00</li>\n<li><b>Abogado:</b> Huan Doe</li>\n<li><b>Especialidad:</b> Laboral</li>\n</ul>\n\n<!-- Datos similares para todas las otras citas -->\n\nTe recomiendo que vuelvas a preguntar pero esta vez para fechas a partir del 15 de enero de 2025.','2025-01-11 22:39:28.821941');
/*!40000 ALTER TABLE `interactions` ENABLE KEYS */;
UNLOCK TABLES;

--
-- Table structure for table `lawyers`
--

DROP TABLE IF EXISTS `lawyers`;
/*!40101 SET @saved_cs_client     = @@character_set_client */;
/*!50503 SET character_set_client = utf8mb4 */;
CREATE TABLE `lawyers` (
  `id` int NOT NULL AUTO_INCREMENT,
  `firstName` varchar(100) NOT NULL,
  `secondName` varchar(100) NOT NULL,
  `speciality` varchar(100) DEFAULT NULL,
  `email` varchar(100) NOT NULL,
  `phone` varchar(15) NOT NULL DEFAULT '',
  `active` tinyint NOT NULL DEFAULT '1',
  `creationDate` datetime NOT NULL DEFAULT CURRENT_TIMESTAMP,
  PRIMARY KEY (`id`),
  UNIQUE KEY `IDX_80c69bc638ef3b1c6c3a60dcb6` (`email`)
) ENGINE=InnoDB AUTO_INCREMENT=4 DEFAULT CHARSET=utf8mb4 COLLATE=utf8mb4_0900_ai_ci;
/*!40101 SET character_set_client = @saved_cs_client */;

--
-- Dumping data for table `lawyers`
--

LOCK TABLES `lawyers` WRITE;
/*!40000 ALTER TABLE `lawyers` DISABLE KEYS */;
INSERT INTO `lawyers` VALUES (1,'Huan','Doe','Laboral','john.doe@example.com','123456789',1,'2025-01-10 20:44:48'),(2,'ewd','dewdw','ded','ddd@ll.com','222222222',1,'2025-01-10 20:44:48'),(3,'Paquito','Gomez','ded','paco@ll.com','222222222',1,'2025-01-10 20:44:48');
/*!40000 ALTER TABLE `lawyers` ENABLE KEYS */;
UNLOCK TABLES;

--
-- Table structure for table `reservations`
--

DROP TABLE IF EXISTS `reservations`;
/*!40101 SET @saved_cs_client     = @@character_set_client */;
/*!50503 SET character_set_client = utf8mb4 */;
CREATE TABLE `reservations` (
  `id` int NOT NULL AUTO_INCREMENT,
  `slotId` int NOT NULL,
  `userId` int NOT NULL,
  `lawyerId` int NOT NULL,
  `creationDate` datetime(6) NOT NULL DEFAULT CURRENT_TIMESTAMP(6),
  `status` enum('pendiente','confirmada','cancelada') NOT NULL,
  `trackingCode` varchar(20) NOT NULL,
  PRIMARY KEY (`id`),
  UNIQUE KEY `IDX_cf860e8272f3cbf4416f704c9a` (`trackingCode`),
  KEY `FK_dc51c9eaf78b301960bfc65dbe2` (`slotId`),
  KEY `FK_aa0e1cc2c4f54da32bf8282154c` (`userId`),
  KEY `FK_93c81f368236a9addb9579f20f1` (`lawyerId`),
  CONSTRAINT `FK_93c81f368236a9addb9579f20f1` FOREIGN KEY (`lawyerId`) REFERENCES `lawyers` (`id`),
  CONSTRAINT `FK_aa0e1cc2c4f54da32bf8282154c` FOREIGN KEY (`userId`) REFERENCES `users` (`id`),
  CONSTRAINT `FK_dc51c9eaf78b301960bfc65dbe2` FOREIGN KEY (`slotId`) REFERENCES `slots` (`id`)
) ENGINE=InnoDB AUTO_INCREMENT=3 DEFAULT CHARSET=utf8mb4 COLLATE=utf8mb4_0900_ai_ci;
/*!40101 SET character_set_client = @saved_cs_client */;

--
-- Dumping data for table `reservations`
--

LOCK TABLES `reservations` WRITE;
/*!40000 ALTER TABLE `reservations` DISABLE KEYS */;
INSERT INTO `reservations` VALUES (1,3,1,1,'2025-01-10 21:29:13.864279','pendiente',''),(2,4,1,1,'2025-01-10 21:34:59.994996','pendiente','b9a9f7bafb');
/*!40000 ALTER TABLE `reservations` ENABLE KEYS */;
UNLOCK TABLES;

--
-- Table structure for table `slots`
--

DROP TABLE IF EXISTS `slots`;
/*!40101 SET @saved_cs_client     = @@character_set_client */;
/*!50503 SET character_set_client = utf8mb4 */;
CREATE TABLE `slots` (
  `id` int NOT NULL AUTO_INCREMENT,
  `lawyerId` int NOT NULL,
  `dateStart` datetime NOT NULL,
  `dateEnd` datetime NOT NULL,
  `available` tinyint NOT NULL DEFAULT '1',
  PRIMARY KEY (`id`),
  KEY `FK_d8613e18116c4d4655de77735b4` (`lawyerId`),
  CONSTRAINT `FK_d8613e18116c4d4655de77735b4` FOREIGN KEY (`lawyerId`) REFERENCES `lawyers` (`id`)
) ENGINE=InnoDB AUTO_INCREMENT=50 DEFAULT CHARSET=utf8mb4 COLLATE=utf8mb4_0900_ai_ci;
/*!40101 SET character_set_client = @saved_cs_client */;

--
-- Dumping data for table `slots`
--

LOCK TABLES `slots` WRITE;
/*!40000 ALTER TABLE `slots` DISABLE KEYS */;
INSERT INTO `slots` VALUES (3,1,'2025-01-15 11:00:00','2025-01-15 12:00:00',1),(4,1,'2025-02-15 11:00:00','2025-02-15 12:00:00',0),(5,1,'2025-01-20 10:00:00','2025-01-20 11:00:00',1),(6,1,'2025-01-20 11:00:00','2025-01-20 12:00:00',1),(7,1,'2025-01-20 12:00:00','2025-01-20 13:00:00',1),(8,1,'2025-01-20 13:00:00','2025-01-20 14:00:00',1),(9,1,'2025-01-20 14:00:00','2025-01-20 15:00:00',1),(10,1,'2025-01-21 10:00:00','2025-01-21 11:00:00',1),(11,1,'2025-01-21 11:00:00','2025-01-21 12:00:00',1),(12,1,'2025-01-21 12:00:00','2025-01-21 13:00:00',1),(13,1,'2025-01-21 13:00:00','2025-01-21 14:00:00',1),(14,1,'2025-01-21 14:00:00','2025-01-21 15:00:00',1),(15,1,'2025-01-22 10:00:00','2025-01-22 11:00:00',1),(16,1,'2025-01-22 11:00:00','2025-01-22 12:00:00',1),(17,1,'2025-01-22 12:00:00','2025-01-22 13:00:00',1),(18,1,'2025-01-22 13:00:00','2025-01-22 14:00:00',1),(19,1,'2025-01-22 14:00:00','2025-01-22 15:00:00',1),(20,2,'2025-01-20 10:00:00','2025-01-20 11:00:00',1),(21,2,'2025-01-20 11:00:00','2025-01-20 12:00:00',1),(22,2,'2025-01-20 12:00:00','2025-01-20 13:00:00',1),(23,2,'2025-01-20 13:00:00','2025-01-20 14:00:00',1),(24,2,'2025-01-20 14:00:00','2025-01-20 15:00:00',1),(25,2,'2025-01-21 10:00:00','2025-01-21 11:00:00',1),(26,2,'2025-01-21 11:00:00','2025-01-21 12:00:00',1),(27,2,'2025-01-21 12:00:00','2025-01-21 13:00:00',1),(28,2,'2025-01-21 13:00:00','2025-01-21 14:00:00',1),(29,2,'2025-01-21 14:00:00','2025-01-21 15:00:00',1),(30,2,'2025-01-22 10:00:00','2025-01-22 11:00:00',1),(31,2,'2025-01-22 11:00:00','2025-01-22 12:00:00',1),(32,2,'2025-01-22 12:00:00','2025-01-22 13:00:00',1),(33,2,'2025-01-22 13:00:00','2025-01-22 14:00:00',1),(34,2,'2025-01-22 14:00:00','2025-01-22 15:00:00',1),(35,3,'2025-01-20 10:00:00','2025-01-20 11:00:00',1),(36,3,'2025-01-20 11:00:00','2025-01-20 12:00:00',1),(37,3,'2025-01-20 12:00:00','2025-01-20 13:00:00',1),(38,3,'2025-01-20 13:00:00','2025-01-20 14:00:00',1),(39,3,'2025-01-20 14:00:00','2025-01-20 15:00:00',1),(40,3,'2025-01-21 10:00:00','2025-01-21 11:00:00',1),(41,3,'2025-01-21 11:00:00','2025-01-21 12:00:00',1),(42,3,'2025-01-21 12:00:00','2025-01-21 13:00:00',1),(43,3,'2025-01-21 13:00:00','2025-01-21 14:00:00',1),(44,3,'2025-01-21 14:00:00','2025-01-21 15:00:00',1),(45,3,'2025-01-22 10:00:00','2025-01-22 11:00:00',1),(46,3,'2025-01-22 11:00:00','2025-01-22 12:00:00',1),(47,3,'2025-01-22 12:00:00','2025-01-22 13:00:00',1),(48,3,'2025-01-22 13:00:00','2025-01-22 14:00:00',1),(49,3,'2025-01-22 14:00:00','2025-01-22 15:00:00',1);
/*!40000 ALTER TABLE `slots` ENABLE KEYS */;
UNLOCK TABLES;

--
-- Table structure for table `users`
--

DROP TABLE IF EXISTS `users`;
/*!40101 SET @saved_cs_client     = @@character_set_client */;
/*!50503 SET character_set_client = utf8mb4 */;
CREATE TABLE `users` (
  `id` int NOT NULL AUTO_INCREMENT,
  `firstName` varchar(100) NOT NULL,
  `secondName` varchar(100) NOT NULL,
  `documentNumber` varchar(20) DEFAULT NULL,
  `email` varchar(100) NOT NULL,
  `telefono` varchar(15) DEFAULT NULL,
  `password` varchar(255) NOT NULL,
  `role` enum('cliente','admin') NOT NULL,
  `creationDate` datetime(6) NOT NULL DEFAULT CURRENT_TIMESTAMP(6),
  `active` tinyint NOT NULL DEFAULT '1',
  `idLawyer` int DEFAULT NULL,
  `typeUser` varchar(50) DEFAULT NULL,
  `clientType` varchar(50) DEFAULT NULL,
  `avatar` varchar(255) DEFAULT NULL,
  PRIMARY KEY (`id`),
  UNIQUE KEY `IDX_97672ac88f789774dd47f7c8be` (`email`)
) ENGINE=InnoDB AUTO_INCREMENT=3 DEFAULT CHARSET=utf8mb4 COLLATE=utf8mb4_0900_ai_ci;
/*!40101 SET character_set_client = @saved_cs_client */;

--
-- Dumping data for table `users`
--

LOCK TABLES `users` WRITE;
/*!40000 ALTER TABLE `users` DISABLE KEYS */;
INSERT INTO `users` VALUES (1,'Rafaelo','Peña','43735032A','rafa@wad.cat','622022812','$2a$10$yliWdBXsDEkSCuJTNY4PFe3GN04fudx21LAf8lHcObYunhjwcc0L6','cliente','2025-01-10 20:36:38.445107',1,NULL,NULL,NULL,NULL);
/*!40000 ALTER TABLE `users` ENABLE KEYS */;
UNLOCK TABLES;
/*!40103 SET TIME_ZONE=@OLD_TIME_ZONE */;

/*!40101 SET SQL_MODE=@OLD_SQL_MODE */;
/*!40014 SET FOREIGN_KEY_CHECKS=@OLD_FOREIGN_KEY_CHECKS */;
/*!40014 SET UNIQUE_CHECKS=@OLD_UNIQUE_CHECKS */;
/*!40101 SET CHARACTER_SET_CLIENT=@OLD_CHARACTER_SET_CLIENT */;
/*!40101 SET CHARACTER_SET_RESULTS=@OLD_CHARACTER_SET_RESULTS */;
/*!40101 SET COLLATION_CONNECTION=@OLD_COLLATION_CONNECTION */;
/*!40111 SET SQL_NOTES=@OLD_SQL_NOTES */;

-- Dump completed on 2025-01-13  1:33:28
